customer_id,customer_name,email,location,age_group
1,Jodi Thompson,cindy79@example.org,Poland,35-44
2,Alicia Garcia,shannonbaker@example.net,Luxembourg,0-17
3,Katherine Mills,larsendavid@example.net,Togo,0-17
4,Sean Jenkins,brittneyhamilton@example.net,Andorra,25-34
5,Jessica Beck,laura78@example.org,Uruguay,25-34
6,Brenda Smith,rcole@example.com,Ireland,45-54
7,Jacob Turner,michael64@example.net,Holy See (Vatican City State),45-54
8,Lisa Payne,lauraortiz@example.com,Niue,65+
9,Kelsey Crawford,michael91@example.net,Belize,45-54
10,Amy James,william90@example.org,Slovenia,0-17
11,Tim Welch,madison11@example.org,Myanmar,65+
12,Philip George,orivera@example.net,New Caledonia,25-34
13,Joseph Johnson,garciajared@example.org,Guadeloupe,18-24
14,Douglas Lester,lcline@example.com,Samoa,45-54
15,Angela Ruiz,fstevens@example.com,French Guiana,25-34
16,Lisa Jarvis,michael30@example.net,Czech Republic,35-44
17,Steven Lawson,baldwinnicole@example.com,Russian Federation,45-54
18,Beverly Tucker,sweber@example.net,El Salvador,35-44
19,Brian Hill,aroy@example.com,Cuba,65+
20,Megan Brooks,uperry@example.org,India,55-64
21,Stephen Johnson,ngonzalez@example.net,Georgia,45-54
22,Eric Shelton,knightpaige@example.net,Croatia,65+
23,Margaret Wade,james79@example.org,Egypt,25-34
24,Samantha Jenkins,caroline06@example.net,Rwanda,18-24
25,Chelsea Turner PhD,qjohnston@example.com,Iran,65+
26,Robert Vasquez,vrowe@example.com,Israel,18-24
27,Dawn Davis PhD,fergusonrebecca@example.net,Fiji,45-54
28,Janice Lamb,scollins@example.org,San Marino,0-17
29,David Hernandez,fskinner@example.org,China,0-17
30,Brandon Cox,bryanreyes@example.com,Mauritius,55-64
31,Suzanne Hall,lisa16@example.com,Tuvalu,35-44
32,Rachel Vance,joe90@example.com,Brunei Darussalam,45-54
33,Alex Ross,julianbarnes@example.org,French Southern Territories,55-64
34,Brianna Jones,ethomas@example.org,Antigua and Barbuda,35-44
35,Nicholas Simmons,vbowman@example.net,Saint Martin,25-34
36,Edward Brown,pauladavis@example.net,Serbia,55-64
37,Michael Davis,zrobbins@example.org,Georgia,25-34
38,Sarah Barton,maryraymond@example.net,Korea,18-24
39,Makayla Smith,jennifer48@example.org,Ukraine,45-54
40,Alex Ramirez II,brad29@example.org,British Indian Ocean Territory (Chagos Archipelago),0-17
41,Stephen Bond,thomasandrea@example.org,Slovenia,25-34
42,Sandra Everett,xanderson@example.net,Niger,18-24
43,Alejandro Fleming,ruthlewis@example.org,Switzerland,25-34
44,Danielle Sullivan,westabigail@example.com,Wallis and Futuna,18-24
45,Lawrence Rhodes,jacksonalvin@example.net,Benin,0-17
46,Robert Roberson,scott31@example.net,Micronesia,0-17
47,Douglas Griffith,derrick52@example.net,Northern Mariana Islands,45-54
48,Patricia Gutierrez,mary66@example.org,Kiribati,0-17
49,Anthony Bell DDS,michaelking@example.net,Mali,65+
50,Scott Stevens,caleb87@example.net,Guinea,35-44
51,Alexis Williams,youngalicia@example.org,Djibouti,45-54
52,Michael Elliott,john53@example.com,Maldives,0-17
53,Stacy Porter,kimcarl@example.net,Croatia,25-34
54,Tammy Kirk,michelesmith@example.org,Czech Republic,25-34
55,Renee Carter,tony38@example.com,Micronesia,45-54
56,Margaret Mills,mary40@example.org,Vanuatu,55-64
57,Carl Hardy,leebrandon@example.com,South Georgia and the South Sandwich Islands,18-24
58,Amanda Myers,randy90@example.org,Chile,18-24
59,Lisa Miller,rachel78@example.com,Bolivia,55-64
60,Jessica Martinez,sancheztara@example.com,Azerbaijan,45-54
61,Melissa Dorsey,flemingtina@example.org,Somalia,35-44
62,Fernando Morris,natasha28@example.org,Cambodia,18-24
63,Juan Ford,esmith@example.org,Greenland,18-24
64,Kyle Hoffman,lisaglass@example.net,Kiribati,0-17
65,Caitlin Price,heatherwillis@example.org,Ethiopia,65+
66,Stephanie Chambers,david71@example.net,Equatorial Guinea,18-24
67,Christopher Marshall,hadams@example.net,Sierra Leone,55-64
68,Stephen Kelly,jordanwilliams@example.org,Tuvalu,25-34
69,Katherine Woods,davidsonanita@example.net,Niger,35-44
70,David Williams,bellrachel@example.com,Mozambique,18-24
71,Laura Jones,samuel07@example.net,Libyan Arab Jamahiriya,18-24
72,Heidi Brown,cgarrett@example.org,Norway,25-34
73,Christy Woods,cole17@example.net,Yemen,55-64
74,Diane Solomon,beverlybrewer@example.com,Congo,18-24
75,Jeffrey Goodman,james57@example.net,Libyan Arab Jamahiriya,55-64
76,Kevin Jones,uwelch@example.net,Netherlands,65+
77,Brent Bryant,qhoward@example.com,Montenegro,18-24
78,Elaine Vega,ccameron@example.com,Guinea,0-17
79,Cassandra Rodriguez,diazmichael@example.net,Netherlands Antilles,35-44
80,Julie Lee,xbarker@example.org,San Marino,55-64
81,Austin Hampton,manningjeremy@example.org,Bahrain,25-34
82,Julie Duncan,phamcarmen@example.net,Kyrgyz Republic,18-24
83,Robert Howard,wtaylor@example.net,Angola,25-34
84,Angela Thomas,tanyajacobs@example.net,Thailand,0-17
85,Mary Berg,matthewdavis@example.org,Cambodia,45-54
86,Kelsey Coffey,brandonbaker@example.org,Peru,35-44
87,Melody Hopkins,sarahrios@example.net,Hong Kong,45-54
88,Jennifer Robinson,qmaldonado@example.org,Cook Islands,55-64
89,Jill Reyes,valeriesilva@example.com,Switzerland,45-54
90,Ryan Rojas,snyderdebbie@example.com,Burundi,45-54
91,Denise Ross,floresdeanna@example.org,Syrian Arab Republic,65+
92,Brittney Lawrence,denisesanders@example.net,Monaco,0-17
93,Joshua Burns,johnsnatasha@example.net,Cape Verde,18-24
94,Timothy Harper,michelle49@example.org,Faroe Islands,25-34
95,Douglas Huff,benjamin50@example.net,Saint Barthelemy,35-44
96,John Lane DVM,benjaminrusso@example.org,Monaco,25-34
97,Nathaniel Green,proctorcarolyn@example.org,Pitcairn Islands,18-24
98,Matthew Wilson,pattersonsteven@example.com,Mali,25-34
99,Daniel Alvarado,phillipcole@example.org,Cyprus,25-34
100,Omar Parker,ugraham@example.com,Croatia,25-34
101,Matthew Moss,millersusan@example.com,Nigeria,25-34
102,Johnathan Peters,jeffrey81@example.net,Haiti,25-34
103,Tina Johnson,vperez@example.org,Portugal,18-24
104,Jodi Jones,davidpadilla@example.com,Bahrain,0-17
105,Hunter Gibson,morrowmelanie@example.org,Luxembourg,45-54
106,Deborah Garza,cfleming@example.org,Morocco,18-24
107,John Edwards,matthew61@example.net,El Salvador,0-17
108,Eric Pham,heatherwilson@example.com,Norway,25-34
109,Elizabeth Morris,zacharyjenkins@example.net,Swaziland,25-34
110,Jennifer Levy,katiestevens@example.com,Costa Rica,18-24
111,David Mason,leslieallen@example.org,Algeria,45-54
112,Craig Navarro,aaron48@example.net,Congo,55-64
113,Nicholas Miranda,dustin41@example.net,Iraq,25-34
114,Samantha Robinson,esmith@example.com,Czech Republic,18-24
115,Dawn Cowan,ylambert@example.org,Kenya,45-54
116,Ashley Reed,gpeters@example.com,Panama,35-44
117,Mark Anderson,acevedokelly@example.net,Germany,45-54
118,James Hudson,amanda64@example.org,Mongolia,55-64
119,Ricky Mitchell,sean35@example.org,Sri Lanka,25-34
120,John Irwin,jwhite@example.org,Norway,25-34
121,Emily Aguilar,smithshelly@example.net,Belgium,18-24
122,Joshua Gallagher,cheryl67@example.net,Hungary,25-34
123,Jasmine Cannon,nsanchez@example.net,Austria,55-64
124,Michael Hernandez,caitlin83@example.net,Jamaica,55-64
125,Joshua Davis,kenneth99@example.org,Maldives,18-24
126,Lee Bernard,johnstonashlee@example.com,Israel,35-44
127,Douglas Burke,karajohnson@example.com,Gibraltar,55-64
128,Victoria Stevenson,joshua45@example.com,Egypt,0-17
129,Matthew Hardin,reyesalyssa@example.org,Zambia,25-34
130,Michelle Stevenson,caustin@example.org,Botswana,45-54
131,Becky Stone,parkssuzanne@example.org,Kyrgyz Republic,18-24
132,Suzanne Barrett,barajasnatalie@example.com,Spain,25-34
133,James Rodriguez,catherinesmith@example.org,Bouvet Island (Bouvetoya),55-64
134,Amber Lowery,howardsydney@example.org,Tonga,18-24
135,Debra Lewis,taylorkristen@example.com,Switzerland,55-64
136,Chad Terry,thomas10@example.net,Palestinian Territory,55-64
137,Eric Taylor,sylviaramirez@example.com,Iraq,65+
138,Mark Ferguson,hensontravis@example.net,Montserrat,65+
139,Rachel Williamson,kara61@example.org,Lao People's Democratic Republic,35-44
140,Cindy Ramos,jenningswilliam@example.org,Czech Republic,45-54
141,Erin Smith,ypeterson@example.com,Bahrain,25-34
142,Anne Mahoney,xchapman@example.com,Portugal,55-64
143,Hannah Gray,graypatricia@example.com,Malta,45-54
144,Angela Huang,michael41@example.org,Tuvalu,25-34
145,James Mitchell,kathleen56@example.net,Norfolk Island,35-44
146,Dr. Susan Moreno,froach@example.net,Comoros,45-54
147,Jennifer Carter,tabitha57@example.org,United States of America,18-24
148,Sarah Mayer,jreeves@example.net,Armenia,18-24
149,Breanna Marquez,collinspatrick@example.net,Holy See (Vatican City State),45-54
150,Mark Lee,mosesdavid@example.com,Belarus,65+
151,Laura Harvey,erika57@example.org,Papua New Guinea,35-44
152,Beth Howell,matthew82@example.com,Brunei Darussalam,0-17
153,Gabrielle Rodriguez,parsonsjonathan@example.org,Guadeloupe,25-34
154,Taylor Richmond,frivera@example.net,Australia,55-64
155,Samantha Davidson,weaverchristopher@example.com,Bolivia,18-24
156,Noah Thompson,kimberly09@example.org,India,65+
157,Stephanie Ramsey,william88@example.com,Ghana,18-24
158,Helen Hernandez,reyesnancy@example.net,Thailand,0-17
159,Amy Miles,johnnygreen@example.com,Albania,0-17
160,Sean Daniel,jeffreyhooper@example.net,San Marino,25-34
161,Lindsey Lester,qbrown@example.com,Tuvalu,65+
162,Jose Walker,johnnybryant@example.org,North Macedonia,55-64
163,Chad Cruz,tylermiles@example.org,San Marino,65+
164,Curtis Roberts,ruth99@example.com,Svalbard & Jan Mayen Islands,55-64
165,Ryan Martin,xholt@example.com,Papua New Guinea,35-44
166,Keith Le,philliphall@example.com,Azerbaijan,45-54
167,Shawn Larson,logan07@example.net,Moldova,25-34
168,Jonathan Smith,brittanyphelps@example.com,Paraguay,45-54
169,Laura Johnson,lee08@example.org,Kenya,18-24
170,Gary Ball,lisasavage@example.com,Mali,45-54
171,Valerie Jones MD,andrew60@example.com,Korea,35-44
172,Kathleen Wilson,dudleysophia@example.com,Palestinian Territory,0-17
173,Adrian Carter,krodriguez@example.com,Barbados,25-34
174,Julia Manning,charlesdaugherty@example.net,Grenada,55-64
175,Krystal Phelps,deanmichael@example.org,Romania,25-34
176,John Sellers,melaniejackson@example.net,Barbados,65+
177,Rachel Gibbs,robert25@example.net,Bermuda,25-34
178,Deborah Wilkins,johnsonjames@example.org,Marshall Islands,25-34
179,James Armstrong,amy34@example.net,Guyana,55-64
180,Walter Shaw,upatton@example.org,Congo,25-34
181,Louis Smith,hansonkevin@example.net,Guadeloupe,25-34
182,Kimberly Wilson,mollythompson@example.net,North Macedonia,25-34
183,Tim Murray,ywright@example.net,Bahrain,18-24
184,Kelly Turner,katrinasmith@example.com,United States of America,35-44
185,Jesus Shelton,thomas10@example.com,Jersey,45-54
186,Carlos Yates,justingonzalez@example.com,Brazil,18-24
187,Mark Hickman,ryan00@example.org,Trinidad and Tobago,45-54
188,Miguel Mckay,pwalsh@example.org,Saint Kitts and Nevis,65+
189,Megan Howell,pamela78@example.net,Zimbabwe,0-17
190,Eric Lam,gbrowning@example.net,Solomon Islands,25-34
191,Natalie Hansen,peterskevin@example.org,Yemen,25-34
192,Melanie Fleming,stephanie31@example.com,Swaziland,0-17
193,Laura Taylor,lawrencesanchez@example.org,Peru,0-17
194,Jennifer Bowen,sandovalandrea@example.com,Macao,55-64
195,Joel Smith,dukemary@example.com,Bulgaria,35-44
196,Dawn Terry,annamiller@example.com,Turkey,55-64
197,Debra Rodriguez,anthony14@example.net,Luxembourg,0-17
198,Haley Rivera,john66@example.org,Georgia,25-34
199,Robert Browning,awillis@example.com,Nicaragua,65+
200,Daniel Terry,icarter@example.net,British Indian Ocean Territory (Chagos Archipelago),35-44
201,Tanya Martin,kevinward@example.com,Uzbekistan,45-54
202,Arthur Taylor,michelle43@example.net,Gambia,35-44
203,Jeffrey Robinson,gregorylaurie@example.org,Cuba,35-44
204,Benjamin Martin,sharon42@example.com,Seychelles,45-54
205,Richard Diaz,jamesvelasquez@example.com,Mozambique,0-17
206,Kimberly Kennedy,cherylgibbs@example.org,Nepal,45-54
207,Bob Mendez,travis45@example.com,Nepal,0-17
208,Joseph Foster,nguyensean@example.com,Burundi,45-54
209,Michelle Maxwell,deborahyoung@example.org,Niue,55-64
210,Amanda Davis,thompsonmichael@example.org,Kuwait,45-54
211,Krystal Clark,gilbertthomas@example.net,Belarus,18-24
212,Sophia Fletcher,bennetterica@example.org,Papua New Guinea,65+
213,Kurt Jackson,barry24@example.net,Liechtenstein,0-17
214,Michelle Arellano,trevor46@example.org,Bhutan,55-64
215,Joshua Miles,mdonaldson@example.com,Greenland,45-54
216,Diane Oneal,brittanystewart@example.com,Austria,0-17
217,Madison Kelly,smithteresa@example.net,Papua New Guinea,0-17
218,Anthony Jackson,heathermitchell@example.net,French Guiana,45-54
219,Harold Blair,mendezalexander@example.com,Madagascar,18-24
220,John Fernandez,aacosta@example.net,Bouvet Island (Bouvetoya),25-34
221,Jeffrey Glass,woodhayden@example.net,Lesotho,25-34
222,Herbert Murphy,uyoung@example.net,United States Minor Outlying Islands,25-34
223,Jon Martinez,trodriguez@example.net,China,35-44
224,Anne Hurley,debrajackson@example.net,Denmark,55-64
225,Joshua Johnson,jeffreyclay@example.net,Turks and Caicos Islands,45-54
226,Jessica Smith,sullivanelizabeth@example.org,Jordan,55-64
227,Susan Herring,huffgina@example.org,Iran,0-17
228,Terry Ruiz,kylie35@example.org,Peru,55-64
229,Kelly Phillips,connerbrandi@example.org,Saint Barthelemy,0-17
230,Brandon Moore,harriskristin@example.net,Uganda,45-54
231,Joseph Smith,richardlewis@example.net,Mauritania,65+
232,Mark Whitaker,laura49@example.net,Congo,45-54
233,Laura Garza,alansmith@example.net,Saint Helena,65+
234,Elijah Arellano,mariomorris@example.com,Libyan Arab Jamahiriya,25-34
235,Jessica Flowers,aharvey@example.com,Ukraine,25-34
236,Leah Mitchell,joshuafisher@example.net,Trinidad and Tobago,18-24
237,Samantha Pineda MD,toddayers@example.com,Reunion,65+
238,Melanie Cruz,brenda69@example.net,Saint Kitts and Nevis,35-44
239,Mariah Richardson,campbellpeter@example.org,Malta,55-64
240,Benjamin Lester,andrew06@example.net,Libyan Arab Jamahiriya,18-24
241,Nicholas Li,alexis39@example.net,Turks and Caicos Islands,55-64
242,Jane Preston,joneswilliam@example.org,Zimbabwe,18-24
243,Brandi Mitchell,russellvicki@example.net,Cocos (Keeling) Islands,0-17
244,Angela Gay,bonnie42@example.com,Monaco,25-34
245,Zachary Adams,qhunter@example.com,Liechtenstein,35-44
246,Robert Thomas,thomasgarza@example.com,United States Minor Outlying Islands,35-44
247,Cynthia Peterson,ocalderon@example.com,Korea,45-54
248,Jose Wallace,kevin26@example.org,Argentina,35-44
249,Christopher Kaiser,fjimenez@example.com,Oman,55-64
250,Patricia Martin,bergerjulie@example.org,Pakistan,0-17
251,David Juarez,vperkins@example.com,Gambia,45-54
252,Jeffrey Santiago,lopezsandra@example.org,Montenegro,25-34
253,Clinton Aguirre,richardskristin@example.net,Nepal,0-17
254,Michael Marshall,james11@example.net,South Georgia and the South Sandwich Islands,0-17
255,Jose Stone,cynthiaallen@example.org,Senegal,65+
256,Ashley Reed,amanda53@example.net,Greece,45-54
257,Leah Lewis,currymiranda@example.org,North Macedonia,18-24
258,Kristina Young,christy05@example.com,Greece,0-17
259,Natalie Alvarez,romerobenjamin@example.com,Mozambique,25-34
260,Andre Evans MD,pwilliamson@example.org,Greenland,55-64
261,Judith Bradford,andrewbrown@example.org,Philippines,45-54
262,Marvin Erickson,xpruitt@example.com,Saint Vincent and the Grenadines,0-17
263,Veronica Jackson,williamsmarissa@example.net,Lesotho,0-17
264,Michael Young,glenn01@example.net,Tanzania,18-24
265,Jennifer Browning,javier14@example.org,Pitcairn Islands,0-17
266,Mr. Richard Ward,carpenterwendy@example.com,Uganda,0-17
267,Mr. Ryan Vazquez,dhawkins@example.org,Dominican Republic,0-17
268,Nicole Davis,robertolee@example.com,Saint Martin,45-54
269,Michael Davis,scottroberts@example.com,Bangladesh,25-34
270,Miss Kristin Holloway MD,john68@example.org,Guadeloupe,25-34
271,Tracy Hicks,noblejennifer@example.org,Ghana,45-54
272,Paul Thomas,mark32@example.org,Martinique,0-17
273,Jenny Frye,isilva@example.org,American Samoa,55-64
274,David Moore,sjackson@example.org,Somalia,25-34
275,Laura Morales,xbarnett@example.net,Liechtenstein,25-34
276,Benjamin Webb,lindasalazar@example.com,Aruba,45-54
277,Patrick Shaw,hamptonmichele@example.com,France,0-17
278,Michael Parks,kerry25@example.org,Ireland,45-54
279,Alicia Sullivan,scottleah@example.net,India,45-54
280,Robert Johnson,kevin59@example.net,Saint Vincent and the Grenadines,0-17
281,Lisa Fox,normanphillip@example.com,Reunion,18-24
282,Anna Gray,samantha06@example.net,Lesotho,0-17
283,Stephanie Brock,mark42@example.com,Indonesia,65+
284,Steven Gray,brewerchristopher@example.org,Jordan,65+
285,Joan Evans,joneswilliam@example.org,Moldova,55-64
286,Beth Coleman,priscilla60@example.net,Japan,0-17
287,Jordan Beck,meganpowell@example.com,El Salvador,0-17
288,Laura Skinner,christian42@example.com,Guernsey,18-24
289,Cory Williams,justin88@example.com,Albania,65+
290,Kimberly Oneal,michaelgonzales@example.net,Sweden,45-54
291,Lisa Vazquez,uclay@example.net,Bouvet Island (Bouvetoya),0-17
292,Michelle Wilson,powellrodney@example.com,Cameroon,45-54
293,John Russell,amorris@example.net,Eritrea,45-54
294,Nancy Orr,aprilellis@example.com,Slovakia (Slovak Republic),25-34
295,Michael Carey,pshields@example.com,Togo,35-44
296,Karen Wright,romerodaniel@example.net,Cocos (Keeling) Islands,55-64
297,Pamela Acevedo,jbishop@example.net,Western Sahara,25-34
298,John Patton,alejandra67@example.org,Poland,0-17
299,Travis Cross,masonann@example.net,Thailand,35-44
300,Brenda Gonzalez,middletonjennifer@example.org,Greenland,25-34
301,Samantha Leon,cantuamy@example.org,Papua New Guinea,25-34
302,Kelly Haley,tara58@example.com,Northern Mariana Islands,18-24
303,Courtney Donaldson,pereztim@example.org,Cape Verde,45-54
304,Kristi Phillips,katherine01@example.com,Germany,35-44
305,Joel Martin,whiteashley@example.com,Mexico,55-64
306,Austin Marks,mahoneyaustin@example.org,Australia,0-17
307,Lindsay Carrillo,thomastracey@example.com,Kuwait,25-34
308,Steven Klein,johnstonjoel@example.com,Estonia,55-64
309,Preston Bowman,stephen86@example.org,Wallis and Futuna,55-64
310,Rebekah Williams,josephmarshall@example.net,Syrian Arab Republic,55-64
311,Kyle Oneill,iortiz@example.net,Qatar,35-44
312,Matthew Harvey,vclark@example.net,Pitcairn Islands,25-34
313,Rachel Duran,vincent50@example.net,Saudi Arabia,65+
314,Jesse Mccann,ashleyking@example.net,Mozambique,35-44
315,Jessica Harris DDS,summer04@example.com,Saint Vincent and the Grenadines,65+
316,Jessica Fuller,jenniferbell@example.com,Morocco,18-24
317,Francisco Henry,jonathanwright@example.com,Guadeloupe,25-34
318,Michael Rodgers,walter32@example.com,Bouvet Island (Bouvetoya),25-34
319,Tyler Everett,kevingibson@example.org,Brunei Darussalam,35-44
320,Travis Hobbs,wknight@example.net,United Arab Emirates,45-54
321,Paul Mooney,itaylor@example.com,Saint Lucia,45-54
322,Courtney Torres,nmontgomery@example.net,American Samoa,55-64
323,Blake Wagner,ffletcher@example.net,Anguilla,65+
324,Ricky Thomas,smithsarah@example.com,Turks and Caicos Islands,35-44
325,Ronald Walls,steven58@example.net,Cyprus,65+
326,Eric Larson,derek30@example.org,Guam,55-64
327,Yolanda Evans,dustinjohnson@example.com,Dominican Republic,55-64
328,Justin Savage,erica62@example.net,Libyan Arab Jamahiriya,18-24
329,Jessica Love,audreyfletcher@example.net,Saint Barthelemy,0-17
330,Richard Lee,gutierrezmonica@example.net,Cayman Islands,45-54
331,Jessica Bernard,brownjoseph@example.net,Guinea-Bissau,25-34
332,Shannon Irwin,heatherdaniels@example.org,Sri Lanka,45-54
333,Alexandra Caldwell,melissalevine@example.com,Saint Lucia,35-44
334,Pamela Shepherd,karenerickson@example.org,Uruguay,0-17
335,Jennifer Arnold,nicholas15@example.com,Qatar,18-24
336,Lori Morris,crosspreston@example.org,Benin,25-34
337,Eric Nixon,brandonwilliams@example.net,Uruguay,55-64
338,Tracy Joseph,angelaproctor@example.net,Slovakia (Slovak Republic),0-17
339,Virginia Park,williamsbetty@example.net,Tunisia,45-54
340,Dalton Callahan,mlopez@example.org,Nauru,0-17
341,Brittany Manning MD,kimberly33@example.com,Sweden,18-24
342,Daniel Perez,sarah68@example.org,Oman,0-17
343,Dr. Deborah Wade,bobby39@example.com,Oman,65+
344,Sean Levy,dawn09@example.org,Saudi Arabia,18-24
345,Brittney Gutierrez,brooksdave@example.com,Tanzania,0-17
346,Heidi Walsh,mary00@example.com,Libyan Arab Jamahiriya,45-54
347,Jasmine Dillon,joseph55@example.net,Anguilla,55-64
348,Jacob Sanchez,yfischer@example.com,Mali,18-24
349,Joseph Villanueva,allison47@example.net,El Salvador,55-64
350,Jocelyn Hall,lori43@example.net,Hong Kong,0-17
351,Nathan Shaffer,carlburch@example.org,Saint Pierre and Miquelon,35-44
352,Nicole Cook,christianlandry@example.org,Lebanon,18-24
353,Timothy Schaefer,johnortega@example.com,New Caledonia,55-64
354,Michelle Kirk,christinaanderson@example.com,Mexico,18-24
355,Peter Young,parkershane@example.com,Myanmar,45-54
356,Timothy Peterson,tyler27@example.net,Liberia,18-24
357,Joel Johnson,ronniejohnson@example.org,Nigeria,0-17
358,Jose Martinez,joel42@example.com,Norway,35-44
359,Dennis Garcia DDS,thomasmartinez@example.net,Eritrea,45-54
360,Kelsey Williams,logan41@example.net,Luxembourg,55-64
361,Christopher Kim,sarawhitaker@example.net,Zimbabwe,45-54
362,Tracy Hernandez,wfuller@example.org,South Africa,18-24
363,Rebecca Miller,dalton10@example.org,Burkina Faso,45-54
364,Rachel Mann,stephencase@example.org,South Georgia and the South Sandwich Islands,35-44
365,Mckenzie Jones,abriggs@example.org,Saint Kitts and Nevis,45-54
366,Deborah Roth,cartersusan@example.com,Madagascar,55-64
367,Amanda Wood,brittanywood@example.com,Syrian Arab Republic,35-44
368,Terry Jacobs,hesssergio@example.net,Peru,55-64
369,Connie Taylor,flowersbrandy@example.net,Japan,65+
370,Stacy Orr,charles46@example.org,Aruba,35-44
371,Noah Lee,smcdonald@example.org,Albania,65+
372,Julian Jenkins,hernandezlauren@example.com,Hungary,35-44
373,Terry Herrera,andrewsalec@example.net,Jersey,18-24
374,Tracy Mejia,shermanjacob@example.org,Malawi,55-64
375,Jennifer Wise,donnacollier@example.net,Namibia,0-17
376,Louis Kennedy,nicholassmith@example.org,Yemen,25-34
377,Mark Wilkins,petersonjames@example.com,Kiribati,18-24
378,Lisa Johnson,pricejohn@example.org,Turkey,45-54
379,Larry Torres,elliottmitchell@example.org,Tonga,35-44
380,Lisa Petersen,katherine38@example.org,Gibraltar,18-24
381,Brooke Miller,jasonlee@example.net,San Marino,35-44
382,Dwayne Miller,michelle00@example.com,Albania,55-64
383,Philip Chambers,carly57@example.org,Wallis and Futuna,65+
384,Emily Anderson,hamiltonmary@example.com,Austria,45-54
385,Cynthia Peters,pattersonhannah@example.com,United States Minor Outlying Islands,35-44
386,Helen Steele,taylorapril@example.com,Congo,35-44
387,Kari Thompson,johnnyolson@example.net,Mali,55-64
388,Juan Irwin,jessica99@example.net,Faroe Islands,18-24
389,Angela Jackson,mmorgan@example.org,Turkey,65+
390,Amanda Green,vincentmora@example.net,Poland,65+
391,George Dean,hrandolph@example.net,Timor-Leste,45-54
392,John Cunningham,michaelcox@example.org,Comoros,0-17
393,Joseph Morales,jesse12@example.com,Cyprus,18-24
394,Brittany White,brandon34@example.net,Sudan,45-54
395,Jennifer Turner,zimmermanamanda@example.net,Lebanon,55-64
396,Jasmine Woods,aharper@example.com,Mayotte,18-24
397,Valerie Clarke,cwebster@example.com,Denmark,0-17
398,Linda Hamilton DVM,mallen@example.com,India,25-34
399,Adrian Kerr,tony99@example.net,Suriname,45-54
400,Bianca Mccarthy,cruzrhonda@example.com,Faroe Islands,45-54
401,Jamie Watkins,ggray@example.com,Afghanistan,0-17
402,Brenda Jenkins,coreycox@example.com,Spain,35-44
403,Michael Norman,mitchellsophia@example.net,Bulgaria,35-44
404,Matthew Walker,gramsey@example.org,Monaco,18-24
405,Michael Wood,amy92@example.org,Vanuatu,45-54
406,Kevin Cox,sherrywalton@example.org,Turks and Caicos Islands,65+
407,Crystal Cook,khartman@example.org,Ghana,55-64
408,April Massey,nicole93@example.org,British Virgin Islands,45-54
409,Kendra Robinson,sarah06@example.net,Malta,35-44
410,Bryce Smith,dustin14@example.net,Malaysia,45-54
411,Christine Gilmore,duncansharon@example.org,Singapore,0-17
412,Virginia Diaz,sarahadams@example.org,Slovenia,45-54
413,Gary Serrano,catherinepeterson@example.com,Hong Kong,18-24
414,Katrina Taylor,bwilliams@example.org,Bolivia,35-44
415,Andre Jones,wilsonrickey@example.com,Albania,35-44
416,Yvette Mccoy,ugregory@example.org,Switzerland,0-17
417,Anthony Roman,melissastokes@example.org,Vietnam,45-54
418,Jacob Brown,amanda06@example.com,Seychelles,55-64
419,Mary Macias,adamsalex@example.org,Benin,35-44
420,Tamara Grant,bobbynelson@example.net,Mongolia,18-24
421,Diana Davenport,mgriffin@example.com,Malta,18-24
422,Yvonne Dixon,hjohnson@example.net,Slovenia,35-44
423,Amanda Lopez,triciawhite@example.net,Dominican Republic,18-24
424,Eric Lane,kallen@example.com,Samoa,18-24
425,Matthew Brown,jenna90@example.org,Botswana,45-54
426,Corey Carson,robert08@example.com,Antarctica (the territory South of 60 deg S),45-54
427,Sheri Moore,lorijohnston@example.com,Northern Mariana Islands,18-24
428,Lauren Crane,ruth94@example.net,Northern Mariana Islands,35-44
429,Hannah Nguyen,marquezalicia@example.org,Lithuania,35-44
430,Heather Burnett,hshaw@example.com,Ecuador,65+
431,Jordan Harrison,orodriguez@example.org,Madagascar,65+
432,Leah Johnston,wkennedy@example.com,Micronesia,18-24
433,Todd Ho,charles69@example.com,United Kingdom,25-34
434,Tamara Duncan,nicole05@example.org,Grenada,0-17
435,Barry White,dtaylor@example.com,Samoa,55-64
436,Vanessa Rice,brianclark@example.com,Comoros,0-17
437,Thomas Hutchinson,awashington@example.com,Suriname,35-44
438,Robert Dickson,hmccoy@example.net,Nigeria,25-34
439,Stephanie Villanueva,blackwelljeffrey@example.com,Honduras,55-64
440,Angela King,brendarocha@example.net,Paraguay,65+
441,Erica Cruz,carlossoto@example.com,Indonesia,65+
442,Robert Ponce,brownvanessa@example.com,Zambia,45-54
443,Patrick Roberts,gonzalezeduardo@example.com,Slovakia (Slovak Republic),55-64
444,Troy Maddox,brownashley@example.net,Zimbabwe,0-17
445,Carlos Roberts,stacey42@example.com,Christmas Island,55-64
446,Todd Burke,michael93@example.net,Comoros,35-44
447,Jeffrey Perkins,karinavaughn@example.net,Russian Federation,18-24
448,Jamie West,joseph49@example.net,Singapore,45-54
449,Jacqueline Moore,crystaldavis@example.org,Brazil,0-17
450,Yvonne Robinson,elizabethmclaughlin@example.net,Aruba,65+
451,Jeffery Saunders,morganjerry@example.com,Cote d'Ivoire,0-17
452,Kathryn Rush,jeremybrown@example.com,Guinea-Bissau,18-24
453,Christopher Clark,shepardjerry@example.org,United States of America,18-24
454,Elizabeth Hart,mlong@example.com,Norfolk Island,35-44
455,Ricky Chase,rbishop@example.net,Greenland,35-44
456,Parker Perez,bblankenship@example.net,Martinique,35-44
457,Melissa Keith,carrieellis@example.com,Trinidad and Tobago,0-17
458,Angela Wheeler,leachnicholas@example.com,Costa Rica,35-44
459,Julie Miller,john06@example.com,Bahrain,65+
460,Barbara White,brian55@example.com,Saint Barthelemy,25-34
461,Brandon Harris,rmitchell@example.com,Vietnam,35-44
462,Richard Moore,marycosta@example.net,Jamaica,25-34
463,Betty Perez,william74@example.com,Dominican Republic,0-17
464,Cassandra Brown,carterjoan@example.net,Morocco,65+
465,Anthony Freeman,johnsonandrew@example.com,Estonia,35-44
466,Crystal Johnson,heathann@example.net,Turkey,45-54
467,Kevin Mullins,scottcarrie@example.org,Tuvalu,18-24
468,Elizabeth Brooks,stephanie89@example.org,Thailand,18-24
469,Mariah Perez,hartsharon@example.org,Congo,55-64
470,Sierra Washington,qayala@example.net,Bouvet Island (Bouvetoya),0-17
471,Jonathan Khan,oyoung@example.org,French Polynesia,45-54
472,Melissa Davis,ericcraig@example.net,Bosnia and Herzegovina,55-64
473,Michael Schroeder,catherine09@example.net,Argentina,65+
474,Nicole Mcintyre MD,meagancooper@example.com,Tokelau,0-17
475,Ricky Martin,charlescarter@example.com,Kyrgyz Republic,18-24
476,Shelley Stewart,jeremystewart@example.com,Venezuela,35-44
477,Tiffany Prince,barbara97@example.org,Vietnam,35-44
478,Aaron Rhodes,jessica57@example.net,Iran,35-44
479,Daniel Bauer,millsmichelle@example.net,Tuvalu,25-34
480,Mrs. Shannon Hodges MD,gainessusan@example.com,Finland,0-17
481,Stephanie Holmes,christopher07@example.com,Philippines,25-34
482,Connor Henderson,stephaniegreen@example.net,Macao,18-24
483,Luis Watts,justinpeters@example.net,Cocos (Keeling) Islands,18-24
484,Jason Hayes,aaron05@example.com,Kiribati,18-24
485,Richard Miller,qwest@example.org,Bangladesh,35-44
486,Heather Ramirez MD,whitakermitchell@example.net,San Marino,55-64
487,Brad Davis,kreynolds@example.com,Saudi Arabia,0-17
488,Chad Cooper,vkelley@example.com,Algeria,35-44
489,Patricia Mccall,nmurphy@example.net,Serbia,55-64
490,Ronald Bennett,xporter@example.org,Norfolk Island,18-24
491,Christopher Smith,williamlewis@example.org,Belarus,0-17
492,Michael Stevenson,patricia73@example.net,Trinidad and Tobago,18-24
493,Barbara Jarvis,amoore@example.net,Mayotte,0-17
494,Shannon Reyes,robertskim@example.com,Syrian Arab Republic,0-17
495,Mr. Christopher Burton,sheenataylor@example.com,Malawi,25-34
496,Amber Medina,zbenson@example.net,Chad,55-64
497,Christine Lin,edwin82@example.net,Venezuela,25-34
498,Allen Tran,carolperez@example.org,Cook Islands,18-24
499,Gregory Jones,helen78@example.com,United States Minor Outlying Islands,45-54
500,Francisco Robinson,hwilliams@example.org,Solomon Islands,55-64
501,Andres Anderson,fshaw@example.com,Poland,35-44
502,Kimberly Carter,brownkristi@example.org,Korea,55-64
503,Christy Li,veronica35@example.org,Saint Kitts and Nevis,0-17
504,Chris Perez,susanrodriguez@example.com,United States of America,35-44
505,Robin Webster,latashagutierrez@example.com,Afghanistan,45-54
506,Christopher May,flong@example.net,Papua New Guinea,45-54
507,Anthony Roberts,kimberly85@example.org,Central African Republic,65+
508,Michelle Crawford,gonzalezmelissa@example.net,American Samoa,65+
509,Bethany Anderson,christinamorales@example.net,San Marino,65+
510,Noah Powell,xchristensen@example.org,Equatorial Guinea,25-34
511,Antonio Le,jsims@example.net,Taiwan,18-24
512,Dennis Lane,kaylaevans@example.net,Kiribati,18-24
513,Matthew Rivera,garzarussell@example.net,Cambodia,25-34
514,Ryan Walker,alicia34@example.org,Vietnam,65+
515,Tanya Christensen,nancy23@example.org,Turkmenistan,65+
516,Stephanie Hood,christy12@example.org,Cook Islands,45-54
517,Teresa Brock,josephgutierrez@example.org,Benin,45-54
518,Erica Hall,hayesmaureen@example.com,North Macedonia,25-34
519,Tina Lester,deborah32@example.net,Guyana,45-54
520,Raymond Johnson,fosterjames@example.net,Kuwait,35-44
521,Frank Lewis,ashleywilliams@example.org,Ecuador,65+
522,Melissa Barnes,ronald05@example.com,Namibia,35-44
523,Tyler Avery,ecannon@example.com,Qatar,35-44
524,Daniel Garcia,hbaker@example.net,Gabon,55-64
525,Stephen Krueger,ebarker@example.com,Tuvalu,0-17
526,Tanner Ellison,michellechavez@example.com,Kiribati,18-24
527,Taylor Wood,klopez@example.org,Netherlands Antilles,55-64
528,Michael Marshall,zavalasteven@example.net,Chad,0-17
529,Deanna Gallegos,hgonzalez@example.org,Mayotte,55-64
530,Nathan Ballard,danielle82@example.com,Congo,35-44
531,Casey Long,rodriguezwilliam@example.net,Belgium,0-17
532,Melanie Clark,stephensonjudy@example.com,Turkey,25-34
533,Angela Wilson,chenmathew@example.net,Russian Federation,65+
534,Lydia Duncan,jacksonangel@example.net,Italy,65+
535,Cole Jones,tiffanycopeland@example.org,Micronesia,65+
536,Melissa Macias,valerieconrad@example.com,Antigua and Barbuda,0-17
537,Kara Porter,jacobwatson@example.com,Guam,18-24
538,Maurice Carlson,pburnett@example.net,Nauru,35-44
539,Mark Harding,jacobyoung@example.net,El Salvador,35-44
540,Kimberly Ewing,qlong@example.net,Martinique,45-54
541,Robert Burns,kristawolfe@example.com,Burundi,45-54
542,Angel Smith,amberharmon@example.net,Croatia,45-54
543,Paul Macias,mendezdavid@example.com,Cameroon,65+
544,Alejandro Gray Jr.,christinemills@example.net,Haiti,35-44
545,Kimberly Taylor,andreadavis@example.net,Colombia,45-54
546,Amanda Moore,stevenadams@example.org,Italy,0-17
547,Eddie Hart,aliciaayala@example.net,Bermuda,45-54
548,Christopher Mcguire,vfrench@example.com,Central African Republic,18-24
549,Scott Payne,johnsonjoy@example.net,Congo,55-64
550,Heidi Williams,laceyward@example.org,Montserrat,55-64
551,Autumn Hodge,hallconnie@example.com,Bolivia,55-64
552,Jordan Peterson,madison94@example.org,Philippines,0-17
553,Brian Compton,diane83@example.com,Cote d'Ivoire,0-17
554,Richard Davidson,scottrachael@example.org,Eritrea,45-54
555,Ms. Sue Young,michael11@example.org,United States Virgin Islands,35-44
556,James Ramirez,wschwartz@example.net,Cape Verde,18-24
557,Angelica Taylor,pgriffith@example.org,Tajikistan,18-24
558,Mike Smith,carolyn74@example.net,Samoa,25-34
559,Miss Monica Johnson,arthur68@example.com,Poland,65+
560,Barry Moore,srichardson@example.com,Fiji,0-17
561,Steven Huang,caroltorres@example.com,South Africa,45-54
562,Lauren Wu,bryan03@example.org,Ethiopia,18-24
563,John Ferguson,ortegakevin@example.com,North Macedonia,65+
564,Derrick Dickerson,thomaseric@example.net,Hungary,45-54
565,Michael Whitney,ztorres@example.net,Latvia,18-24
566,Jimmy Bright,charlesallen@example.net,Seychelles,45-54
567,Steven Rivera,jasonholmes@example.com,Puerto Rico,65+
568,Johnny Daniels,gary48@example.org,United States Minor Outlying Islands,35-44
569,Kathleen Parker,ybrown@example.com,Finland,45-54
570,Michael Hanna,fwatkins@example.net,Korea,18-24
571,George Hutchinson,vhernandez@example.com,Micronesia,18-24
572,Austin Brown,brockmary@example.net,Denmark,65+
573,Dr. Mallory Sellers,efaulkner@example.com,Morocco,0-17
574,Andrew May,sharpedgar@example.org,New Caledonia,45-54
575,Kathy Moore,tgreen@example.net,Heard Island and McDonald Islands,35-44
576,David Figueroa,michael66@example.com,Tonga,65+
577,Erik Li,ktaylor@example.net,Slovakia (Slovak Republic),0-17
578,Jessica Martinez,jean41@example.com,Panama,0-17
579,Brian Weiss,bridgesjennifer@example.net,San Marino,25-34
580,Tonya Stafford,owenscharles@example.net,Guernsey,0-17
581,Scott Terrell,lauren57@example.com,Tajikistan,18-24
582,Rick Henry,april23@example.com,Guernsey,35-44
583,Johnathan Beasley DDS,morriskatie@example.org,South Georgia and the South Sandwich Islands,45-54
584,Pamela Tyler DVM,gilbert85@example.com,Liechtenstein,45-54
585,Jessica Sullivan,julie86@example.net,Senegal,55-64
586,Michael Sharp,kgraves@example.org,Latvia,25-34
587,Chad Diaz,burnettjaime@example.org,Mali,35-44
588,Samuel Watson,lhancock@example.org,Seychelles,0-17
589,Mrs. Jessica Allen,erinwilson@example.com,Congo,18-24
590,James Brennan,george77@example.org,Netherlands Antilles,0-17
591,Karen Cobb,karenmendoza@example.net,British Virgin Islands,45-54
592,Karl Rubio,mriddle@example.org,Dominica,18-24
593,David Cox,schroederisaac@example.com,Argentina,45-54
594,Whitney Bell,kellyjensen@example.org,Afghanistan,35-44
595,Tony West,campbellmatthew@example.net,Central African Republic,65+
596,Janice Cardenas,hudsonjoshua@example.org,Suriname,25-34
597,Ernest Gibson,anthony18@example.org,Bolivia,18-24
598,Angel Ballard,xholt@example.org,Eritrea,18-24
599,Nicholas Thomas,sandradaniel@example.org,Trinidad and Tobago,55-64
600,Charles Welch,brendaguerra@example.org,El Salvador,18-24
601,Nicole Flores,victor55@example.com,Namibia,18-24
602,Maria Butler,aliciahenderson@example.com,Austria,35-44
603,Lauren Kennedy,margaret83@example.org,Svalbard & Jan Mayen Islands,55-64
604,Maria Fernandez,nataliehines@example.net,Uzbekistan,35-44
605,Alyssa Doyle,tracey46@example.com,Ghana,25-34
606,Angela Alexander,kevinharrington@example.org,Mongolia,35-44
607,Kathleen Davis,chad12@example.org,Liechtenstein,55-64
608,Travis Silva,patricia24@example.net,Eritrea,55-64
609,Tyler Reid,tatecolin@example.org,Ghana,45-54
610,Timothy Ryan,cartershannon@example.org,Saint Helena,25-34
611,Jimmy Jones,rwallace@example.com,Iran,25-34
612,Jason Jackson,dtravis@example.com,Burkina Faso,55-64
613,Adam Turner,alyssawalker@example.com,Jamaica,55-64
614,Taylor Moore,wrightdonna@example.org,Niue,65+
615,Megan Farley,monica77@example.net,Romania,25-34
616,Sydney Schultz,jamesgraham@example.org,Belarus,18-24
617,Tammy Johnson,andrewsanchez@example.net,Lebanon,45-54
618,Amber Bowman,hartmanjames@example.com,New Zealand,55-64
619,Frank Mccarty,sandrathomas@example.org,Paraguay,65+
620,Yolanda Flowers,mckinneysean@example.net,Romania,45-54
621,Gregory Andrews,vlane@example.com,Philippines,35-44
622,Jonathan Macias Jr.,robertmitchell@example.org,Tanzania,45-54
623,Lisa Mcdonald,ksimmons@example.com,Turkey,35-44
624,Denise Paul,jenniferanderson@example.net,Northern Mariana Islands,25-34
625,Steven Leach,allison10@example.net,Cuba,0-17
626,Timothy Vang,milesjermaine@example.com,Vietnam,45-54
627,Sharon Mccall DDS,deannapacheco@example.org,Tokelau,18-24
628,Heather Cox,npeterson@example.org,Poland,18-24
629,Ann Lin,juliewilliams@example.org,Uganda,0-17
630,Gregory Figueroa,staceywilliams@example.net,Bhutan,45-54
631,Angela Melton,qrivera@example.com,Angola,0-17
632,Janet Alvarez,morrisalyssa@example.org,Nicaragua,45-54
633,Kelly Bonilla,ericmiller@example.com,Pakistan,55-64
634,Andrew Lopez,fstevens@example.org,Italy,35-44
635,Bradley Gallagher,harveychristopher@example.net,Slovenia,35-44
636,Charles Elliott,nhaas@example.net,Paraguay,0-17
637,Jason Flores,stricklandhannah@example.org,India,55-64
638,Rachel Tapia,nashlauren@example.net,Iran,25-34
639,Matthew Morgan,stricklanddiana@example.org,Equatorial Guinea,25-34
640,Kelly Collins,akelly@example.com,Cyprus,25-34
641,Jeremy Davis,ereyes@example.org,Serbia,65+
642,Sharon Lee,tracyrowland@example.net,Bulgaria,18-24
643,Stephanie Day,tluna@example.org,Malawi,25-34
644,Madison Rosales,martinreeves@example.com,Russian Federation,0-17
645,Adam Washington,mooreamy@example.com,Montenegro,65+
646,Johnny Carter,bartlettmark@example.org,Cook Islands,35-44
647,Bradley Williams,ehowe@example.net,Faroe Islands,55-64
648,Michael West,joshua61@example.net,Israel,45-54
649,Theresa Bradley,rebeccajohnson@example.org,Iceland,25-34
650,Kimberly Hardy,martinezjoseph@example.org,Palestinian Territory,45-54
651,Danny Russell,heathernash@example.org,South Georgia and the South Sandwich Islands,0-17
652,Jason Gay,zbaker@example.org,Seychelles,65+
653,Robert Keller,xreyes@example.org,Djibouti,45-54
654,Natasha Rice,hallelaine@example.com,Comoros,18-24
655,Carl Sullivan,rvelazquez@example.com,Barbados,25-34
656,Natasha Myers,josephhoward@example.com,Honduras,25-34
657,Peggy Stark,rebeccaharvey@example.org,Guinea,25-34
658,Anthony Cain,acole@example.com,Tokelau,55-64
659,Brian Wilkins,brownbrittney@example.com,Fiji,35-44
660,Jessica Reynolds,dbray@example.com,Sri Lanka,0-17
661,Colleen Kelly,jasongrimes@example.com,Croatia,65+
662,Joshua Flores,ggraham@example.org,Costa Rica,0-17
663,Elizabeth Harris,edaniels@example.org,Australia,55-64
664,Brian Schneider,jeffrey01@example.net,Sri Lanka,35-44
665,Edwin Molina,kylecarter@example.org,Niue,0-17
666,Franklin Ford,theresa63@example.org,Bermuda,18-24
667,Melissa Villarreal,williamsonlisa@example.org,Central African Republic,35-44
668,Erin Palmer,pallen@example.org,Hungary,45-54
669,Katelyn Payne,cynthia40@example.org,Qatar,18-24
670,Amber Martin MD,scastro@example.com,Nigeria,18-24
671,Christian Santos,hopkinsronald@example.org,Benin,35-44
672,Carlos Morales,madelinerobertson@example.com,Nepal,55-64
673,Jessica Morales,vmurray@example.com,Luxembourg,25-34
674,Mrs. Denise Dalton,sheri31@example.net,Monaco,45-54
675,Christopher Bailey,oroberts@example.net,Saint Kitts and Nevis,45-54
676,John Lopez,thomas19@example.org,Guadeloupe,35-44
677,Jessica Brown,emily24@example.org,Vanuatu,25-34
678,Jacob Garcia,dbuck@example.net,Portugal,0-17
679,Casey Hutchinson,martinraymond@example.com,United States Virgin Islands,55-64
680,Kathleen Cook,stephanie78@example.com,Latvia,55-64
681,Timothy Goodwin,epeterson@example.com,Guam,65+
682,Dr. Brian Evans MD,mgarcia@example.com,Belarus,35-44
683,Renee Wright,douglas20@example.com,Antigua and Barbuda,25-34
684,Amanda Scott,cynthia13@example.com,South Africa,45-54
685,Faith Berry,rrivers@example.net,Croatia,55-64
686,Mr. Jason Blair,bateswilliam@example.org,Saint Helena,25-34
687,Andrew Robertson,whitejulia@example.net,Latvia,25-34
688,Susan Walters,cheryllee@example.org,Turkmenistan,18-24
689,Tammy Wise,cody17@example.net,South Georgia and the South Sandwich Islands,18-24
690,Elizabeth Rivera,hgomez@example.org,Malawi,18-24
691,Ashlee Clark,laura24@example.com,Tanzania,35-44
692,Michael Everett,ariana94@example.org,South Africa,25-34
693,Leslie Morris,angel84@example.net,Madagascar,18-24
694,Kimberly Flores,qbrown@example.net,Canada,45-54
695,Cheryl Nguyen,courtney87@example.net,United Kingdom,0-17
696,Katherine Johnson,gibbsanthony@example.org,Nicaragua,25-34
697,Linda Casey,ihill@example.net,United States of America,65+
698,Jennifer Henderson,lucasangela@example.org,Azerbaijan,55-64
699,Christopher Perez,allen69@example.com,Malaysia,65+
700,Zachary Jennings,briancampos@example.net,Cote d'Ivoire,18-24
701,Timothy Bird,ramirezbrett@example.net,Equatorial Guinea,45-54
702,Jason Heath,sullivanphilip@example.com,Netherlands Antilles,25-34
703,Valerie Stanley,kathrynjames@example.net,Finland,35-44
704,Jonathan Price,shieldsdevon@example.org,Oman,18-24
705,Kelli Armstrong,jacobharmon@example.net,Ethiopia,0-17
706,Katie Coleman,uroberts@example.com,Cook Islands,18-24
707,Amber Sanchez,angelawoods@example.org,Albania,25-34
708,Austin James,sophiaweber@example.org,Benin,45-54
709,Jason Griffith,michelle60@example.org,Ethiopia,45-54
710,Christina Robertson,harrisonkristy@example.com,Serbia,0-17
711,Justin Carr,heather04@example.org,Libyan Arab Jamahiriya,55-64
712,Stacey Wright,pwoods@example.org,Malawi,0-17
713,Steven Holland,johnsonbrandon@example.com,Guam,35-44
714,Cassandra Smith,anthony48@example.com,Zambia,0-17
715,Todd Jones,silvakyle@example.net,Colombia,18-24
716,Cindy Becker,maxwellkerry@example.net,United Kingdom,55-64
717,Jennifer Craig,jaredfischer@example.org,Denmark,18-24
718,Stacy Lopez,rubiomark@example.org,Brazil,0-17
719,Joseph Landry II,storres@example.net,Timor-Leste,18-24
720,Kenneth James,emilydonaldson@example.net,Sri Lanka,0-17
721,Suzanne Walker,rebeccaharris@example.net,Monaco,35-44
722,Christian Horton,lindsaydennis@example.net,Tuvalu,45-54
723,Kellie Mullins,awillis@example.com,United States Virgin Islands,35-44
724,Renee Taylor,shannondavis@example.com,Armenia,45-54
725,Charles Evans,erin40@example.net,New Zealand,55-64
726,Hannah Ruiz,jessicabarker@example.org,Palestinian Territory,25-34
727,Melissa Ball,ucampbell@example.com,Togo,25-34
728,David Cunningham,ojohnson@example.org,Gabon,65+
729,Jessica Burnett,tiffanyhayes@example.org,Congo,35-44
730,Austin Fisher,ujohnson@example.com,Northern Mariana Islands,35-44
731,Earl Howard,gravesdaniel@example.com,Cayman Islands,18-24
732,Amy Maldonado,ubrown@example.org,China,55-64
733,Lisa Crane,sonyagreen@example.org,France,35-44
734,Tracy Guerrero,richardpage@example.com,Dominican Republic,25-34
735,Tyler Reyes,jeffreychung@example.com,Tajikistan,65+
736,Alexandra Wright,skinnerjames@example.org,Germany,25-34
737,Jesse Walters,perkinsaustin@example.net,French Guiana,0-17
738,David Gill,ycabrera@example.org,Kuwait,45-54
739,Margaret Terrell,jamestorres@example.net,Belgium,65+
740,Justin Lopez,jenniferlara@example.net,Macao,0-17
741,James Gonzalez,cathy78@example.org,Bangladesh,35-44
742,James Davis,kurtturner@example.org,Bolivia,0-17
743,Barbara Gilbert,thomassellers@example.org,Botswana,45-54
744,Erica Harrison,jeffery08@example.com,Taiwan,45-54
745,Thomas Greene,john95@example.org,Christmas Island,45-54
746,John Bowen,michael25@example.net,Cook Islands,25-34
747,Stephanie Sandoval,aprilmosley@example.com,Madagascar,45-54
748,Paula Johnson,alexis06@example.com,Egypt,55-64
749,Amanda Parsons,mcintyremackenzie@example.com,Ireland,65+
750,Christian Bradshaw,jeffrey65@example.com,Norfolk Island,45-54
751,Kenneth Gilbert,ppotter@example.com,Austria,0-17
752,Ralph Mcintosh,stevenspatricia@example.org,Cook Islands,65+
753,Joseph Long,hunterbrianna@example.com,Lithuania,65+
754,Dawn Mccall,adavis@example.net,Chile,35-44
755,Nicole Rice,lking@example.org,Togo,55-64
756,Dan Ponce,janetlopez@example.com,Bolivia,45-54
757,Ashley Mason,pmullins@example.org,Tokelau,18-24
758,Danielle Massey,xcox@example.org,Martinique,65+
759,Jason Chapman,mary08@example.net,Sao Tome and Principe,35-44
760,David Davis,walkerjuan@example.net,Portugal,55-64
761,John Jimenez,okennedy@example.com,Canada,18-24
762,Justin Moore,doyleashley@example.org,Singapore,35-44
763,Dylan Best,clifford88@example.org,Turkmenistan,0-17
764,Jennifer Adams,sarah33@example.com,Belarus,25-34
765,Kayla Ramsey,marymcclure@example.net,Macao,0-17
766,Dave Jones,coryherrera@example.org,Solomon Islands,35-44
767,Michelle Thomas,connorthompson@example.org,Burkina Faso,0-17
768,Courtney Hansen,travis92@example.com,Gabon,35-44
769,Steven Blankenship,mmoore@example.org,Italy,0-17
770,Dawn Hall,ricejason@example.net,Portugal,35-44
771,Connie Miller,anthonyhodge@example.com,Israel,35-44
772,Dr. Katherine Wilson,simmonsstephen@example.net,India,45-54
773,Justin Matthews,williamlawrence@example.org,Hong Kong,55-64
774,Diane Taylor,phillipspaige@example.net,Puerto Rico,35-44
775,Meghan Johnson,andreajackson@example.org,Reunion,35-44
776,Mitchell Johnson,martinezshannon@example.com,Oman,35-44
777,Jacob Smith,saratorres@example.net,Chile,25-34
778,Leslie Boyle,kathrynwhite@example.net,Saudi Arabia,18-24
779,William Martin,bill55@example.com,Syrian Arab Republic,25-34
780,Timothy Dean,fstephens@example.org,Greenland,18-24
781,Shirley Boyd,cwallace@example.net,Turkmenistan,18-24
782,Elizabeth Lowe,rodriguezbrandon@example.com,Iran,45-54
783,Joseph Taylor,lauramckinney@example.com,Dominican Republic,0-17
784,Megan Johnson,warrensullivan@example.com,Cocos (Keeling) Islands,65+
785,Janet Lane,michellenunez@example.net,Algeria,18-24
786,Sharon Carpenter,brownrebecca@example.org,Congo,18-24
787,James Lopez,erinpatel@example.net,Haiti,0-17
788,Michael Carter,ramoschristian@example.com,Turkey,25-34
789,Nicole Rollins,jamessimon@example.com,Haiti,55-64
790,Jesse Moreno,beth07@example.com,Palau,45-54
791,Neil Mitchell,teresa30@example.org,Spain,18-24
792,Tracey Weaver,nrichards@example.com,New Caledonia,18-24
793,Sierra Hart,michael51@example.org,Northern Mariana Islands,65+
794,Jill Johnson,wallacerachel@example.org,Honduras,35-44
795,Nathaniel Miles DDS,iosborn@example.net,Senegal,65+
796,Tracey Campbell,ghumphrey@example.com,Burkina Faso,18-24
797,Natalie Cannon,whiteconnie@example.com,Guyana,65+
798,Anna Hancock,sharon68@example.org,Zambia,65+
799,Christy Chan DVM,zwatts@example.com,Hungary,25-34
800,Luke Page,dawn37@example.net,Croatia,0-17
801,Carol Jackson,john37@example.com,Greece,35-44
802,Jonathon Brown,saramunoz@example.org,Bermuda,65+
803,Brandon Lowe,fisherlori@example.org,Montserrat,25-34
804,Kristin Harper,peggymacias@example.org,United States of America,55-64
805,James Simpson,ptanner@example.net,French Southern Territories,18-24
806,Donna Deleon,elizabeth49@example.net,Guyana,18-24
807,Vernon Johnson,sotojared@example.net,Turkmenistan,0-17
808,Hayley Hill,anthony85@example.net,Eritrea,55-64
809,Helen Mathis,xmcpherson@example.net,Cocos (Keeling) Islands,35-44
810,Benjamin Guerrero,hrodriguez@example.com,Saint Kitts and Nevis,0-17
811,Christine Morgan,andrewmartin@example.org,Cocos (Keeling) Islands,18-24
812,Anthony Morris,whitejoshua@example.net,Turkmenistan,0-17
813,Laura Young,susan91@example.org,Djibouti,18-24
814,Christopher Smith,michael27@example.com,Fiji,0-17
815,Vanessa James,kimberly76@example.net,Antarctica (the territory South of 60 deg S),55-64
816,Daniel Jackson,erinblevins@example.com,French Polynesia,0-17
817,Christina Howe,derek88@example.org,Gambia,45-54
818,Douglas Paul,rpineda@example.org,Congo,25-34
819,Mrs. Brenda Robinson,jtaylor@example.com,Romania,18-24
820,Thomas Atkinson,betty85@example.com,Aruba,18-24
821,Robert Wright,derrick09@example.net,Syrian Arab Republic,35-44
822,Jennifer Reid,rebeccasimmons@example.org,Colombia,18-24
823,Jonathan Santana,wilsonmelissa@example.org,Czech Republic,25-34
824,Kayla Wilson,snewman@example.com,Ireland,55-64
825,Christine Ortiz,elizabeth47@example.org,British Virgin Islands,25-34
826,Melissa Jones,sstanley@example.net,Bangladesh,55-64
827,John Khan,mitchelldavid@example.com,Turkmenistan,18-24
828,Ashley Patel,kaitlyn37@example.org,Falkland Islands (Malvinas),18-24
829,Sara Brooks,martinezshannon@example.net,Lithuania,45-54
830,Shannon Lawson,steven62@example.com,Bahrain,25-34
831,Crystal Alvarado,albertsullivan@example.com,Kuwait,55-64
832,Donald Bradford,asmith@example.net,Haiti,0-17
833,Holly Mckenzie,aaronbrown@example.org,Cuba,35-44
834,Scott Wilson,justinroberts@example.net,Brazil,35-44
835,Michael Munoz,timothyschneider@example.net,Vanuatu,0-17
836,Bryce Winters,larsonjessica@example.com,South Georgia and the South Sandwich Islands,0-17
837,Frederick Reed,ehouse@example.com,Congo,18-24
838,Christopher Abbott,littledanielle@example.org,Ukraine,65+
839,Lisa Walls,tbarron@example.net,Wallis and Futuna,25-34
840,Nicholas Harper,mturner@example.com,Papua New Guinea,65+
841,Frank Stephens,kwall@example.com,Bangladesh,35-44
842,Ashley Jones,larrylee@example.net,Norway,55-64
843,Christopher Jones,millermelissa@example.com,Moldova,45-54
844,Carol Miller MD,dennisgeorge@example.net,Nicaragua,25-34
845,Caleb Holmes,christopherfranklin@example.org,Netherlands,35-44
846,Jessica Walker,jason29@example.net,Norfolk Island,18-24
847,Sheri Martinez,johngonzalez@example.org,Oman,65+
848,Douglas Hawkins,laurastephens@example.org,Saint Vincent and the Grenadines,0-17
849,Joe Stewart,hollowaydiana@example.com,Serbia,55-64
850,Richard Richard,brownkathryn@example.net,South Georgia and the South Sandwich Islands,18-24
851,Kevin Mclean,lwagner@example.net,Cyprus,65+
852,Melissa Walker,patelhaley@example.com,Lebanon,65+
853,Carrie Dillon,droberts@example.org,Bhutan,0-17
854,Penny Soto DVM,briannajones@example.net,Guadeloupe,55-64
855,Rhonda Sims,doliver@example.com,Portugal,55-64
856,Chad Simpson,umarshall@example.org,Venezuela,45-54
857,Terri Bowers,megan93@example.net,Western Sahara,55-64
858,Kristina Rodriguez,jennifermoore@example.com,Mauritius,25-34
859,David Smith,aaron29@example.net,British Indian Ocean Territory (Chagos Archipelago),0-17
860,Warren Miller,williamsjudy@example.com,Peru,45-54
861,Scott Martinez,johnsonjennifer@example.com,Malaysia,25-34
862,Travis George,kristin99@example.org,Georgia,65+
863,Sharon Gay,sierra26@example.org,Burundi,35-44
864,Thomas Williams,kdixon@example.net,Puerto Rico,18-24
865,Carrie Barry,amandaberg@example.org,United States Minor Outlying Islands,18-24
866,Dr. Lisa Phillips,fryeangel@example.com,Bahrain,45-54
867,Jerry Holmes,myersdavid@example.com,Oman,0-17
868,Philip James,vincentdaniel@example.com,Sri Lanka,55-64
869,Mallory Cole,migueldelacruz@example.com,United Kingdom,35-44
870,Joseph Black,sandra06@example.org,Gambia,45-54
871,Christopher Johnson,lwhitaker@example.org,French Southern Territories,0-17
872,Steven Martin,jonesrachel@example.net,Chile,0-17
873,Deborah Jackson,balvarez@example.net,Uganda,65+
874,Ronald Meyer,christopher25@example.net,Uzbekistan,55-64
875,William Myers,carpentermaria@example.com,Central African Republic,25-34
876,Daniel Berry,iscott@example.com,Greenland,45-54
877,Brandi Lynch,bgriffith@example.net,Cambodia,25-34
878,Tyler Turner,belljessica@example.net,Korea,35-44
879,Wesley Brooks,philip37@example.net,Kuwait,18-24
880,Jeffrey Rice,kharrington@example.net,Latvia,25-34
881,Susan Bond,ugarcia@example.net,Cocos (Keeling) Islands,18-24
882,Eric Perry,stephencline@example.org,Egypt,35-44
883,John Frederick,emercer@example.org,British Indian Ocean Territory (Chagos Archipelago),55-64
884,Michael Sparks,ortegatammy@example.com,Gambia,35-44
885,Christopher Curry,christian08@example.net,Kazakhstan,45-54
886,Donna Schaefer,mcombs@example.com,Poland,55-64
887,Stephanie Bennett,kennedyjames@example.org,Comoros,0-17
888,Amanda Russo,millerjennifer@example.com,Vanuatu,25-34
889,Shawn Ashley,lance74@example.net,Korea,18-24
890,Alison Hatfield,donald00@example.org,Bosnia and Herzegovina,18-24
891,Samuel Sherman,phart@example.com,China,55-64
892,Steven Brown,mercadojason@example.net,Cambodia,55-64
893,Juan Bailey,heatherharris@example.org,Comoros,45-54
894,Donald Sanchez,connerjacob@example.net,Guam,45-54
895,Eric Bishop,robinanderson@example.com,Central African Republic,35-44
896,Kenneth Riley,dominguezjulia@example.org,Tokelau,55-64
897,David Warren,gordonshawn@example.com,Namibia,0-17
898,Yolanda Hill,meganprice@example.org,Togo,45-54
899,Shelley Fuller,nichole21@example.org,Maldives,0-17
900,Melissa Hansen,wgallegos@example.com,Lithuania,35-44
901,Zachary Gould,simmonsjoanna@example.org,Andorra,18-24
902,Michael Cooley,bennettaustin@example.org,American Samoa,25-34
903,Ian Johnston,nathanieljuarez@example.org,Cyprus,55-64
904,Emily Crawford,victoria71@example.org,Swaziland,55-64
905,Angela Stone,james85@example.org,Luxembourg,45-54
906,Jessica Ramirez,hayesjoshua@example.org,Saudi Arabia,0-17
907,Cody Davis,trevinovalerie@example.com,Papua New Guinea,55-64
908,Katherine Lane,daniel61@example.org,Senegal,45-54
909,Thomas Watson,taylorrachael@example.org,Anguilla,55-64
910,Brianna Phillips,estradavictoria@example.net,China,18-24
911,Christopher Bush,lhanson@example.com,Korea,55-64
912,Taylor Edwards,alexandra46@example.net,North Macedonia,65+
913,Dalton Simon,timothyjones@example.org,Wallis and Futuna,18-24
914,Travis Howell,pattersoncarolyn@example.com,Colombia,25-34
915,Brian Rivera,brownheather@example.org,Iran,55-64
916,Brian Welch,ryankenneth@example.com,Indonesia,65+
917,William Velazquez,kathleen53@example.org,Guadeloupe,25-34
918,Todd Daugherty,shannonhoward@example.com,Azerbaijan,65+
919,Stephanie Stevenson,jacquelineknight@example.net,Paraguay,65+
920,Keith Nguyen,samantha71@example.net,Luxembourg,25-34
921,Joseph Ferguson,james41@example.org,Ecuador,35-44
922,Tammy Love,dawn16@example.com,Isle of Man,18-24
923,Blake Alvarado,martintonya@example.org,Guadeloupe,35-44
924,Steven Blankenship,chelseamartin@example.net,Spain,65+
925,Lisa Sanford,jessica76@example.net,Aruba,35-44
926,Nathaniel Miller,rodriguezandrew@example.org,Papua New Guinea,55-64
927,Jerome Potter,gonzalezbarbara@example.org,New Caledonia,45-54
928,Jennifer Williams,jonessheena@example.com,Slovakia (Slovak Republic),18-24
929,Timothy Garcia,ginapalmer@example.net,Panama,35-44
930,Vincent Harris,ohall@example.net,Isle of Man,55-64
931,Drew Williams,tina85@example.net,Wallis and Futuna,25-34
932,Jessica Frank,mauriceolson@example.net,South Africa,65+
933,Nichole Hernandez,cody00@example.com,Christmas Island,35-44
934,Mrs. Elizabeth Hines,terryjared@example.com,Wallis and Futuna,65+
935,Larry Hansen,swilliams@example.net,Taiwan,25-34
936,William Campbell,patrickhowell@example.net,Eritrea,65+
937,Elizabeth Rubio,millerangel@example.com,Papua New Guinea,0-17
938,Michael Walker,madelinewebb@example.net,Costa Rica,65+
939,Briana Lopez,brian33@example.net,Jersey,18-24
940,April Madden,karahiggins@example.org,Isle of Man,65+
941,Peter Pearson,williamhouse@example.org,Honduras,0-17
942,Robert Ortiz,escobarsamantha@example.net,Turks and Caicos Islands,65+
943,Clayton Smith,janetjennings@example.net,Kenya,35-44
944,Chad Roberts,cassandracarter@example.com,United Kingdom,18-24
945,Robyn Davis,zherrera@example.net,Angola,45-54
946,Alicia Howe,michael28@example.net,Estonia,45-54
947,Tyler Rodriguez,benjaminarmstrong@example.net,Iraq,55-64
948,Tom Gibbs,jessica41@example.com,Mexico,25-34
949,Anthony Donovan,kelly89@example.com,Fiji,35-44
950,Robert Leblanc DDS,richard94@example.com,Micronesia,18-24
951,Kelly Mueller,lauren36@example.net,Vanuatu,65+
952,Michael Butler,stevemelendez@example.net,Botswana,0-17
953,William Cruz,lharris@example.net,Vietnam,0-17
954,Jeffrey Johnson,barnesanthony@example.org,Tokelau,25-34
955,Anne Holloway,stephen06@example.net,Tonga,35-44
956,Paige Keith PhD,cwillis@example.net,Mauritania,0-17
957,Brent Hanna,ashley50@example.com,Kenya,0-17
958,Alexandria Davies,zhudson@example.org,Gambia,0-17
959,Catherine Thompson,apriloliver@example.net,Mozambique,0-17
960,Craig Patrick,griffinjohn@example.com,Chad,0-17
961,Autumn Marquez,lauren68@example.net,Comoros,0-17
962,Mr. Zachary Wilson,wilsonshawn@example.com,Syrian Arab Republic,35-44
963,Richard Gonzalez,aduran@example.org,Swaziland,25-34
964,Lisa Brown,joseph08@example.com,Turkmenistan,55-64
965,Brandon Hoffman,chenjeffrey@example.net,Chad,45-54
966,Russell Montgomery,charlestrujillo@example.net,Libyan Arab Jamahiriya,0-17
967,Ashley Gomez,riveradale@example.com,Pakistan,25-34
968,Jessica Gilbert,washingtoncourtney@example.net,French Polynesia,65+
969,Ann Mcgee,lynnhansen@example.org,Uzbekistan,25-34
970,Donald Conley,christy51@example.com,Argentina,0-17
971,Jane Barr,jonesmichael@example.com,Poland,25-34
972,Gary Scott,ambermiller@example.org,Algeria,0-17
973,Bryan Kemp,gwheeler@example.com,Faroe Islands,18-24
974,Bradley Young,ycunningham@example.org,Jamaica,65+
975,Katie Fisher,pamelachandler@example.com,Ghana,0-17
976,Erin Guerrero,perezbobby@example.net,Austria,0-17
977,Keith Clarke,reynoldsdaniel@example.com,British Indian Ocean Territory (Chagos Archipelago),25-34
978,Michael Deleon,angelale@example.com,Czech Republic,0-17
979,Michael Foster,joanna75@example.com,Saudi Arabia,55-64
980,Erica Sanchez,fsmith@example.net,Djibouti,35-44
981,James Allison,vdiaz@example.com,Kazakhstan,0-17
982,Christopher Murray,daltondennis@example.com,Nepal,65+
983,Kevin Medina,wilsonbrian@example.com,Niue,35-44
984,Caitlin Moran,jenningsallison@example.org,Kazakhstan,18-24
985,Elizabeth West,ksmith@example.net,Brunei Darussalam,45-54
986,Robert Peterson,patricia64@example.net,Andorra,18-24
987,Cindy Taylor,polson@example.net,Bhutan,65+
988,Anthony Wilkins,tanyakelley@example.org,Fiji,25-34
989,Adrian Scott,tsmith@example.org,Oman,18-24
990,Tracy Morales,paulstevens@example.org,Gibraltar,45-54
991,Robert Hansen,robertho@example.com,South Africa,55-64
992,James Rivas,pdelgado@example.org,Tuvalu,35-44
993,David West,hmoore@example.com,Cook Islands,65+
994,Crystal Levine,madams@example.net,Cote d'Ivoire,0-17
995,Julie Sanchez,jasonmartinez@example.net,Niue,55-64
996,Patricia Scott,vlyons@example.org,Haiti,0-17
997,Charles Reed,charris@example.org,Saint Kitts and Nevis,18-24
998,John Gentry,dunntimothy@example.net,Yemen,25-34
999,John Dunn,peterperry@example.org,Lao People's Democratic Republic,65+
1000,Justin Perez,jwilcox@example.net,Tonga,45-54
